<?xml version="1.0" encoding="UTF-8"?>
<launch4jConfig>
  <dontWrapJar>false</dontWrapJar>
  <headerType>eu.mihosoft.freerouting.gui</headerType>
  <jar>.\build\libs\FreeRouting.jar</jar>
  <outfile>FreeRouting.exe</outfile>
  <errTitle></errTitle>
  <cmdLine></cmdLine>
  <chdir>.</chdir>
  <priority>normal</priority>
  <downloadUrl>http://java.com/download</downloadUrl>
  <supportUrl></supportUrl>
  <stayAlive>false</stayAlive>
  <manifest></manifest>
  <icon></icon>
  <jre>
    <path></path>
    <bundledJre64Bit>false</bundledJre64Bit>
    <minVersion>1.5.0</minVersion>
    <maxVersion></maxVersion>
    <jdkPreference>preferJre</jdkPreference>
    <runtimeBits>64/32</runtimeBits>
  </jre>
</launch4jConfig>